Username,Password
005000273,Test@123
005000811,Test@123
005002233,Test@123
400468213,Test@123
008321456,Test@123
005003390,Test@123
005003983,Test@123
005004171,Test@123
005004204,Test@123
005004263,Test@123
400447460,Test@123
005005582,Test@123
005006013,Test@123
005006256,Test@123
005006584,Test@123
005006831,Test@123
005007446,Test@123
005007656,Test@123
005007715,Test@123
008337895,Test@123
005008393,Test@123
005008555,Test@123
005008673,Test@123
005008894,Test@123
005009115,Test@123
005009852,Test@123
005011230,Test@123
005011436,Test@123
005011790,Test@123
005012114,Test@123
005012840,Test@123
005013256,Test@123
005013573,Test@123
005013864,Test@123
005014122,Test@123
005014354,Test@123
005014855,Test@123
005015290,Test@123
005015544,Test@123
005016211,Test@123
008335876,Test@123
005016410,Test@123
005016465,Test@123
005016480,Test@123
005017283,Test@123
005018263,Test@123
008361441,Test@123
008365641,Test@123
008330770,Test@123
005019803,Test@123
008352665,Test@123
005020094,Test@123
008335084,Test@123
008340861,Test@123
008355082,Test@123
005020886,Test@123
008366551,Test@123
005021236,Test@123
005021376,Test@123
005021380,Test@123
005021855,Test@123
005023200,Test@123
005023270,Test@123
005023303,Test@123
005023351,Test@123
005023605,Test@123
005025263,Test@123
005025311,Test@123
005025333,Test@123
005025786,Test@123
005026383,Test@123
005026486,Test@123
005026674,Test@123
005027046,Test@123
005027411,Test@123
005027492,Test@123
005028936,Test@123
005029006,Test@123
005030546,Test@123
005030830,Test@123
005031843,Test@123
400462145,Test@123
005032720,Test@123
005032856,Test@123
005000111,Test@123
005001054,Test@123
005001312,Test@123
005001802,Test@123
005001872,Test@123
005003110,Test@123
005003806,Test@123
005004333,Test@123
005005210,Test@123
008344350,Test@123
005006002,Test@123
005006750,Test@123
005006761,Test@123
005006901,Test@123
005007391,Test@123
005007450,Test@123
005007520,Test@123
005007601,Test@123
005007822,Test@123
005008076,Test@123
005008161,Test@123
008363412,Test@123
005009001,Test@123
005009255,Test@123
005011580,Test@123
005011731,Test@123
005012081,Test@123
005012361,Test@123
005012394,Test@123
005013234,Test@123
005013481,Test@123
005014295,Test@123
005014940,Test@123
005015776,Test@123
005015791,Test@123
005015964,Test@123
005016115,Test@123
005017235,Test@123
005017666,Test@123
005017902,Test@123
005018333,Test@123
005020282,Test@123
005020470,Test@123
005020540,Test@123
005021472,Test@123
005021564,Test@123
005021645,Test@123
005021730,Test@123
005021796,Test@123
008337350,Test@123
005021962,Test@123
005022323,Test@123
005022920,Test@123
005023362,Test@123
005023911,Test@123
008391692,Test@123
005024191,Test@123
005024611,Test@123
005024961,Test@123
005025731,Test@123
005025801,Test@123
008391703,Test@123
005026033,Test@123
005026442,Test@123
005026560,Test@123
005026825,Test@123
008332682,Test@123
005027234,Test@123
005027352,Test@123
008341653,Test@123
005028030,Test@123
005028100,Test@123
005028170,Test@123
005028262,Test@123
005028516,Test@123
005028715,Test@123
005029301,Test@123
005029345,Test@123
005030270,Test@123
005031353,Test@123
005031423,Test@123
005031622,Test@123
005032370,Test@123
005032801,Test@123
005032915,Test@123
005033044,Test@123
008333496,Test@123
008349784,Test@123
005000004,Test@123
005000041,Test@123
005002701,Test@123
005002852,Test@123
005002900,Test@123
005003364,Test@123
005003456,Test@123
005003681,Test@123
005003946,Test@123
008323070,Test@123
005004086,Test@123
005004182,Test@123
008341465,Test@123
005004672,Test@123
005005140,Test@123
008362535,Test@123
005006282,Test@123
005007100,Test@123
005007730,Test@123
005007796,Test@123
008387864,Test@123
005007844,Test@123
005008242,Test@123
005008275,Test@123
005008511,Test@123
008362981,Test@123
008368010,Test@123
005008780,Test@123
008361846,Test@123
005009045,Test@123
005009340,Test@123
005009690,Test@123
005010106,Test@123
005010250,Test@123
008349622,Test@123
005010342,Test@123
005010434,Test@123
005010843,Test@123
005011182,Test@123
008340636,Test@123
005011322,Test@123
005011333,Test@123
005011495,Test@123
008358313,Test@123
008324352,Test@123
005012674,Test@123
008324363,Test@123
005013083,Test@123
008328482,Test@123
005013455,Test@123
005013584,Test@123
008360940,Test@123
005014100,Test@123
005014181,Test@123
005014214,Test@123
005014995,Test@123
005015286,Test@123
005015592,Test@123
005016023,Test@123
005016572,Test@123
005016793,Test@123
005017725,Test@123
005017736,Test@123
005017751,Test@123
008332645,Test@123
005018764,Test@123
005019276,Test@123
005019335,Test@123
005019571,Test@123
005019976,Test@123
005019991,Test@123
005021041,Test@123
005021203,Test@123
005021435,Test@123
005021494,Test@123
008344405,Test@123
005022043,Test@123
005023034,Test@123
005023944,Test@123
005024320,Test@123
005024530,Test@123
005024670,Test@123
005024935,Test@123
005025580,Test@123
005025930,Test@123
005026232,Test@123
005026350,Test@123
005026685,Test@123
005026770,Test@123
005027982,Test@123
005028251,Test@123
005028446,Test@123
008328585,Test@123
005029113,Test@123
005029286,Test@123
005029953,Test@123
005030233,Test@123
005030826,Test@123
005030874,Test@123
005031246,Test@123
005031563,Test@123
005031703,Test@123
005032322,Test@123
005032436,Test@123
005032565,Test@123
005032742,Test@123
005032834,Test@123
008323372,Test@123
005033792,Test@123
400468110,Test@123
400460513,Test@123
005001183,Test@123
005002653,Test@123
005003482,Test@123
005003703,Test@123
005003810,Test@123
008334664,Test@123
005004602,Test@123
005004635,Test@123
005004941,Test@123
005005991,Test@123
008342062,Test@123
005006201,Test@123
005006315,Test@123
005006643,Test@123
005007004,Test@123
008321493,Test@123
005008430,Test@123
008340695,Test@123
005009071,Test@123
008357753,Test@123
005009771,Test@123
005010972,Test@123
005011742,Test@123
005012184,Test@123
005012232,Test@123
005012324,Test@123
005012512,Test@123
005013116,Test@123
008356633,Test@123
005013945,Test@123
005014660,Test@123
005014796,Test@123
005014870,Test@123
005015076,Test@123
005015091,Test@123
005015124,Test@123
008359201,Test@123
008338293,Test@123
005017412,Test@123
005018860,Test@123
005019361,Test@123
008365652,Test@123
005019954,Test@123
005020105,Test@123
008321611,Test@123
005020271,Test@123
005020503,Test@123
008326651,Test@123
005022242,Test@123
005022500,Test@123
005022776,Test@123
008362152,Test@123
005023115,Test@123
005023675,Test@123
005023863,Test@123
005024176,Test@123
005024714,Test@123
005025381,Test@123
008349736,Test@123
005026302,Test@123
005027013,Test@123
005027245,Test@123
005027466,Test@123
005028973,Test@123
005029205,Test@123
005030863,Test@123
005031515,Test@123
005032451,Test@123
005033000,Test@123
005033070,Test@123
005033490,Test@123
005033781,Test@123
008330711,Test@123
400451612,Test@123
005001393,Test@123
005002034,Test@123
005002211,Test@123
008359632,Test@123
005002421,Test@123
005002454,Test@123
005002583,Test@123
005003224,Test@123
008359190,Test@123
005004226,Test@123
005004252,Test@123
005005453,Test@123
005005545,Test@123
005005733,Test@123
005005744,Test@123
005006190,Test@123
005006223,Test@123
005006540,Test@123
005006805,Test@123
005006816,Test@123
005007225,Test@123
005007461,Test@123
008336576,Test@123
008352610,Test@123
005008732,Test@123
005008975,Test@123
008368850,Test@123
005009546,Test@123
005009970,Test@123
005010272,Test@123
005011204,Test@123
005011661,Test@123
005011716,Test@123
005012722,Test@123
005012755,Test@123
008361850,Test@123
005013352,Test@123
008342095,Test@123
005013853,Test@123
005014240,Test@123
005014310,Test@123
005014936,Test@123
005015393,Test@123
005016126,Test@123
008328504,Test@123
005017165,Test@123
005017401,Test@123
005017880,Test@123
005018370,Test@123
005018392,Test@123
005019140,Test@123
005020492,Test@123
005020772,Test@123
005020831,Test@123
005021100,Test@123
005021483,Test@123
005021995,Test@123
005022021,Test@123
005022032,Test@123
005022496,Test@123
005022765,Test@123
005023432,Test@123
005023760,Test@123
005024132,Test@123
008360590,Test@123
005024456,Test@123
008323346,Test@123
005025635,Test@123
005025683,Test@123
005025845,Test@123
005026173,Test@123
005026501,Test@123
005027540,Test@123
005027772,Test@123
005027945,Test@123
005028321,Test@123
005028483,Test@123
008328596,Test@123
005030093,Test@123
005030130,Test@123
005030340,Test@123
005030362,Test@123
008333474,Test@123
005031180,Test@123
005031250,Test@123
005031294,Test@123
005031401,Test@123
005031972,Test@123
005032241,Test@123
005032521,Test@123
005032532,Test@123
008366072,Test@123
005032661,Test@123
005032963,Test@123
008330836,Test@123
005033162,Test@123
005033302,Test@123
005000822,Test@123
005001135,Test@123
008364510,Test@123
005001614,Test@123
005001780,Test@123
005001824,Test@123
008358254,Test@123
005003434,Test@123
005003784,Test@123
005004064,Test@123
008352595,Test@123
005004521,Test@123
005004952,Test@123
005005022,Test@123
005005593,Test@123
005005862,Test@123
005006131,Test@123
005006153,Test@123
005006330,Test@123
005006352,Test@123
005006525,Test@123
005006610,Test@123
005007870,Test@123
005007940,Test@123
005008371,Test@123
005008474,Test@123
008339251,Test@123
005008835,Test@123
008365221,Test@123
005010681,Test@123
005010784,Test@123
005011053,Test@123
008363014,Test@123
005011403,Test@123
005011856,Test@123
005011871,Test@123
005012210,Test@123
005012486,Test@123
005012910,Test@123
005013131,Test@123
005013175,Test@123
005013223,Test@123
005013702,Test@123
005014575,Test@123
005014925,Test@123
005015150,Test@123
005015220,Test@123
005015441,Test@123
005015452,Test@123
005015916,Test@123
005016826,Test@123
005017095,Test@123
005018182,Test@123
005018274,Test@123
005018414,Test@123
005018683,Test@123
005018834,Test@123
005019372,Test@123
005019442,Test@123
008332656,Test@123
005021505,Test@123
005021726,Test@123
005021870,Test@123
008356681,Test@123
008367494,Test@123
008369222,Test@123
005023502,Test@123
005023642,Test@123
005023922,Test@123
005024622,Test@123
005025090,Test@123
005025134,Test@123
005025532,Test@123
005026512,Test@123
005026626,Test@123
005026755,Test@123
008332671,Test@123
008358405,Test@123
005027396,Test@123
005027746,Test@123
005027956,Test@123
005028203,Test@123
005028645,Test@123
005028785,Test@123
005028984,Test@123
005029146,Test@123
005029452,Test@123
005029636,Test@123
005029791,Test@123
005029872,Test@123
005030071,Test@123
005030653,Test@123
005030793,Test@123
005030852,Test@123
005032112,Test@123
005032182,Test@123
005032543,Test@123
005032646,Test@123
008349773,Test@123
005033011,Test@123
005033066,Test@123
005033081,Test@123
005033394,Test@123
005033556,Test@123
005033593,Test@123
005033626,Test@123
005033744,Test@123
005000015,Test@123
005000074,Test@123
005000096,Test@123
400460406,Test@123
005000494,Test@123
005000925,Test@123
005001286,Test@123
005001603,Test@123
005002141,Test@123
008324293,Test@123
005002351,Test@123
005002723,Test@123
005003132,Test@123
005003541,Test@123
005003725,Test@123
005005184,Test@123
005005523,Test@123
005005696,Test@123
008323276,Test@123
005008581,Test@123
005008721,Test@123
005009130,Test@123
005009266,Test@123
005009524,Test@123
005010003,Test@123
005010261,Test@123
005010622,Test@123
005010655,Test@123
005010795,Test@123
005010880,Test@123
005011064,Test@123
005011215,Test@123
005011554,Test@123
005011753,Test@123
005011860,Test@123
005012431,Test@123
005013304,Test@123
008349670,Test@123
005014811,Test@123
005015765,Test@123
005016222,Test@123
005016340,Test@123
005016734,Test@123
005016782,Test@123
005016911,Test@123
005016944,Test@123
008339855,Test@123
005017574,Test@123
005017596,Test@123
005017913,Test@123
005018296,Test@123
005018565,Test@123
005018871,Test@123
005018974,Test@123
005019302,Test@123
005019755,Test@123
005019825,Test@123
005019910,Test@123
008341491,Test@123
005020584,Test@123
005020713,Test@123
005020912,Test@123
005021111,Test@123
400463534,Test@123
005022076,Test@123
005022360,Test@123
005022754,Test@123
005023126,Test@123
005023211,Test@123
005024202,Test@123
005024644,Test@123
005025414,Test@123
005026011,Test@123
005026641,Test@123
005026663,Test@123
005026943,Test@123
005027061,Test@123
008347231,Test@123
005027363,Test@123
005027433,Test@123
005027573,Test@123
005028310,Test@123
008349751,Test@123
005028693,Test@123
005029371,Test@123
005030196,Test@123
005031106,Test@123
005031283,Test@123
005031316,Test@123
005031412,Test@123
005031670,Test@123
005031832,Test@123
005032635,Test@123
005032882,Test@123
005032930,Test@123
005033766,Test@123
005000052,Test@123
005000575,Test@123
005000586,Test@123
005000855,Test@123
005001452,Test@123
008326566,Test@123
005002001,Test@123
005002115,Test@123
005002281,Test@123
008337884,Test@123
005002830,Test@123
400446200,Test@123
005003202,Test@123
008340765,Test@123
005003935,Test@123
005004742,Test@123
005005055,Test@123
005005291,Test@123
005005442,Test@123
005005836,Test@123
005006304,Test@123
005006632,Test@123
005007122,Test@123
008367656,Test@123
005008172,Test@123
005008776,Test@123
005008813,Test@123
005008850,Test@123
005009082,Test@123
005010961,Test@123
005011451,Test@123
005012652,Test@123
005012803,Test@123
005013665,Test@123
005013982,Test@123
005014030,Test@123
005014111,Test@123
008337722,Test@123
005014892,Test@123
008326625,Test@123
005015323,Test@123
005015511,Test@123
005015695,Test@123
005015953,Test@123
005016045,Test@123
005016874,Test@123
005016955,Test@123
005017084,Test@123
005017132,Test@123
008337066,Test@123
005018005,Test@123
005018230,Test@123
005018451,Test@123
008389290,Test@123
005019092,Test@123
005019221,Test@123
005019674,Test@123
005019722,Test@123
005020551,Test@123
008388984,Test@123
005020724,Test@123
005021321,Test@123
005023163,Test@123
005023233,Test@123
005023395,Test@123
005023410,Test@123
005023653,Test@123
005023852,Test@123
005024106,Test@123
008326673,Test@123
005024681,Test@123
005025160,Test@123
005025565,Test@123
005026464,Test@123
005027164,Test@123
005027525,Test@123
005027536,Test@123
005027993,Test@123
008324411,Test@123
005028133,Test@123
005028424,Test@123
005028494,Test@123
005029356,Test@123
005030060,Test@123
008329915,Test@123
005031202,Test@123
005031224,Test@123
005031552,Test@123
005032016,Test@123
005032274,Test@123
005032300,Test@123
005033335,Test@123
005033685,Test@123
005010353,Test@123
005018484,Test@123
008324422,Test@123
005611804,Test@123
006473574,Test@123
007112954,Test@123
007410686,Test@123
007548166,Test@123
008978093,Test@123
200144722,Test@123
305817923,Test@123
500277680,Test@123
306887140,Test@123
006220093,Test@123
309956990,Test@123
309859060,Test@123
100156921,Test@123
352103754,Test@123
328644083,Test@123
207981373,Test@123
352152850,Test@123
220745335,Test@123
222870911,Test@123
240000025,Test@123
999996056,Test@123
100259736,Test@123
240022101,Test@123
222954362,Test@123
324182670,Test@123
324280972,Test@123
600951934,Test@123
205748476,Test@123
602820164,Test@123
350771772,Test@123
500884252,Test@123
317130542,Test@123
202621532,Test@123
316534665,Test@123
203244322,Test@123
503857561,Test@123
203890536,Test@123
600512463,Test@123
310594841,Test@123
005007995,Test@123
008388262,Test@123
005047070,Test@123
005123613,Test@123
005225846,Test@123
006671243,Test@123
006803451,Test@123
006847455,Test@123
400449372,Test@123
008138701,Test@123
008461493,Test@123
302241225,Test@123
200716552,Test@123
309644860,Test@123
500515212,Test@123
220153242,Test@123
221125682,Test@123
839043262,Test@123
878299063,Test@123
379965364,Test@123
222940045,Test@123
999996126,Test@123
240021902,Test@123
323236266,Test@123
324177162,Test@123
323829052,Test@123
099999525,Test@123
206338053,Test@123
500764865,Test@123
201648860,Test@123
201572921,Test@123
304536481,Test@123
202317334,Test@123
203818904,Test@123
008363714,Test@123
005019254,Test@123
008389312,Test@123
005030480,Test@123
005032473,Test@123
008365431,Test@123
005075420,Test@123
005081263,Test@123
005339832,Test@123
005752471,Test@123
005851484,Test@123
006182831,Test@123
007061994,Test@123
007729956,Test@123
008884901,Test@123
302181515,Test@123
400302965,Test@123
200276786,Test@123
207530201,Test@123
207359460,Test@123
207826334,Test@123
604120856,Test@123
208950114,Test@123
005000634,Test@123
005000796,Test@123
005000973,Test@123
005001010,Test@123
005001076,Test@123
005001511,Test@123
005001673,Test@123
005001846,Test@123
005001651,Test@123
005001360,Test@123
005000413,Test@123
005000450,Test@123
005000590,Test@123
005000623,Test@123
005000892,Test@123
005001021,Test@123
005001684,Test@123
005001883,Test@123
005001931,Test@123
005000656,Test@123
005000671,Test@123
005000715,Test@123
005000741,Test@123
005000844,Test@123
005000866,Test@123
005000962,Test@123
005001721,Test@123
005001835,Test@123
005001894,Test@123
005000936,Test@123
005000284,Test@123
005000203,Test@123
005000376,Test@123
005000682,Test@123
005000752,Test@123
005000763,Test@123
005001205,Test@123
005001496,Test@123
005001592,Test@123
005001743,Test@123
005001765,Test@123
005001275,Test@123
005000236,Test@123
005000295,Test@123
005000321,Test@123
005000332,Test@123
005000424,Test@123
005000612,Test@123
005000785,Test@123
005000800,Test@123
005000914,Test@123
005000940,Test@123
005001323,Test@123
005001253,Test@123
005001264,Test@123
005001544,Test@123
005001791,Test@123
005000730,Test@123
005000833,Test@123
005000881,Test@123
005001006,Test@123
005001065,Test@123
005001091,Test@123
005001113,Test@123
005001231,Test@123
005001430,Test@123
005001636,Test@123
005001732,Test@123
005000251,Test@123
005000310,Test@123
005000520,Test@123
005000870,Test@123
005000984,Test@123
005000995,Test@123
005001032,Test@123
005001216,Test@123
005001371,Test@123
005001345,Test@123
005001356,Test@123
005001463,Test@123
005001776,Test@123
005001861,Test@123
005001920,Test@123
005001942,Test@123
005000214,Test@123
005000225,Test@123
005000306,Test@123
005000564,Test@123
005000660,Test@123
005000693,Test@123
005000903,Test@123
005001080,Test@123
005001334,Test@123
005001415,Test@123
005001474,Test@123
005001485,Test@123
005001500,Test@123
005001566,Test@123
005001916,Test@123
005000553,Test@123
005000166,Test@123
008364204,Test@123
008320082,Test@123
008359212,Test@123
008368264,Test@123
008339085,Test@123
008365674,Test@123
400500612,Test@123
008339446,Test@123
008363891,Test@123
400500623,Test@123
400530012,Test@123
008336296,Test@123
008364333,Test@123
008351884,Test@123
008339962,Test@123
005543300,Test@123
008365755,Test@123
008359971,Test@123
008328051,Test@123
008366503,Test@123
008337210,Test@123
008352120,Test@123
008325483,Test@123
006900121,Test@123
007384694,Test@123
301501572,Test@123
301817806,Test@123
306194276,Test@123
005000192,Test@123
005000435,Test@123
008358232,Test@123
008341222,Test@123
008363703,Test@123
008368091,Test@123
008367214,Test@123
008340135,Test@123
008363025,Test@123
008368021,Test@123
008366761,Test@123
008368194,Test@123
008361931,Test@123
005064430,Test@123
008364090,Test@123
008364274,Test@123
008333566,Test@123
008342364,Test@123
008366433,Test@123
008334734,Test@123
008366466,Test@123
008351851,Test@123
008343801,Test@123
008346380,Test@123
008365140,Test@123
008360365,Test@123
008365151,Test@123
006185690,Test@123
006656090,Test@123
006810543,Test@123
007481434,Test@123
008979950,Test@123
008979482,Test@123
008685891,Test@123
005224041,Test@123
005284473,Test@123
301118005,Test@123
104003465,Test@123
302696925,Test@123
200427920,Test@123
308628832,Test@123
005000063,Test@123
005000122,Test@123
008367461,Test@123
005000516,Test@123
008363666,Test@123
008368253,Test@123
008367520,Test@123
008363003,Test@123
008367155,Test@123
008367682,Test@123
008367166,Test@123
008367332,Test@123
008324514,Test@123
008342224,Test@123
005051852,Test@123
008320126,Test@123
400453023,Test@123
008365851,Test@123
008338396,Test@123
005154726,Test@123
005650444,Test@123
005759670,Test@123
007189722,Test@123
008287543,Test@123
008975772,Test@123
008979434,Test@123
008327513,Test@123
008347802,Test@123
300169586,Test@123
008337022,Test@123
005000133,Test@123
005000155,Test@123
005000170,Test@123
005000181,Test@123
005000446,Test@123
008365210,Test@123
005004005,Test@123
008339575,Test@123
008361404,Test@123
008320071,Test@123
008337346,Test@123
400464083,Test@123
008364226,Test@123
008340474,Test@123
008335552,Test@123
008368275,Test@123
008364683,Test@123
008365254,Test@123
008364720,Test@123
008335972,Test@123
400477932,Test@123
005138582,Test@123
008342504,Test@123
008351932,Test@123
008324083,Test@123
007430695,Test@123
007561993,Test@123
400447471,Test@123
008975842,Test@123
306965374,Test@123
200789175,Test@123
005000343,Test@123
008367660,Test@123
008329882,Test@123
008326636,Test@123
008368032,Test@123
008365685,Test@123
008320093,Test@123
008368286,Test@123
008339892,Test@123
008367575,Test@123
005102635,Test@123
008367531,Test@123
008362760,Test@123
008320944,Test@123
008365184,Test@123
008979810,Test@123
008340275,Test@123
400475386,Test@123
008342036,Test@123
008366643,Test@123
008362524,Test@123
008320023,Test@123
008358011,Test@123
008339402,Test@123
008320060,Test@123
008364650,Test@123
008365663,Test@123
008367715,Test@123
008339424,Test@123
005043010,Test@123
008341395,Test@123
005055374,Test@123
008344501,Test@123
008365696,Test@123
008341292,Test@123
008340312,Test@123
008363795,Test@123
008359330,Test@123
008362045,Test@123
008338492,Test@123
008340216,Test@123
008675995,Test@123
200106443,Test@123
302098333,Test@123
200494335,Test@123
008365033,Test@123
005000144,Test@123
008320034,Test@123
400453056,Test@123
008366676,Test@123
008364241,Test@123
008365836,Test@123
008367726,Test@123
008338352,Test@123
008365711,Test@123
008331105,Test@123
008368220,Test@123
008335294,Test@123
008365103,Test@123
008341830,Test@123
005317804,Test@123
008350300,Test@123
005513115,Test@123
008367192,Test@123
005691836,Test@123
008364440,Test@123
008367855,Test@123
008336064,Test@123
008359481,Test@123
005803965,Test@123
008341373,Test@123
006912990,Test@123
007761132,Test@123
008829693,Test@123
008975783,Test@123
008976811,Test@123
008979110,Test@123
200051191,Test@123
301913695,Test@123
304984713,Test@123
200807810,Test@123
008349493,Test@123
008339833,Test@123
008344302,Test@123
400479111,Test@123
008320045,Test@123
008366385,Test@123
008340463,Test@123
008320056,Test@123
008361430,Test@123
008358346,Test@123
005017585,Test@123
005017703,Test@123
008360144,Test@123
008366923,Test@123
008367623,Test@123
008340511,Test@123
008367892,Test@123
400451833,Test@123
008357834,Test@123
008367354,Test@123
008368135,Test@123
400453012,Test@123
008362771,Test@123
008340205,Test@123
008327443,Test@123
006503501,Test@123
006504094,Test@123
008399720,Test@123
008978561,Test@123
008842153,Test@123
008975665,Test@123
300989555,Test@123
303361881,Test@123
400065024,Test@123
200399054,Test@123
008358022,Test@123
008336322,Test@123
008337302,Test@123
